hashtag,tweet,hashtags
dhoni,"WATCH: MS Dhoni gives Deepak Chahar a playful bat treatment after CSKâ€™s win, video goes viral
#Dhoni 
#DeepakChahar 
kalingatv.com/sports/watch-mâ€¦",
dhoni,"WTS IPL TICKETS 
âœ…3 vip tickets
 rcb vs Punjab 
dm me for more info unlimited buffet and drinks
MI #SRH #KKR #LSG #GT #PK #RR #RCB #MSD #AstroPrediction #TarotReading #MatchPredictions #T20 #IPL #tarotcard #CSKvsMI #RuturajGaikwad Vs #SuryakumarYadav #MSD #Chepauk #Dhoni",
dhoni,"The entry we all waited for with iconic song 

M S Dhoni Entry today 

ğŸ”¥ğŸ”¥ğŸ”¥ğŸ”¥ğŸ”¥ğŸ”¥ğŸ”¥ğŸ”¥ğŸ”¥ğŸ”¥

#CSKvsMI | #CSKvMI | #Dhoni",
dhoni,"CSK vs RCB (March -28)
Venue: M.A. Chidambaram Stadium, Chennai.

8 tickets available !! ğŸ’¯â¤ï¸ğŸ’¥
D upper-2
K Upper-2
J lower-2
C upper-2
Mobile:9789354948 
#IPL2025 #ipltickets2025 #ipltickets #CSKvsRCB #ChennaiSuperKings #Dhoni #ChepaukStadium #cskvsrcbtickets",
dhoni,"Shreyas iyer u beauty..selfless cricketer   @Lfgdoteco $LFG
#ShreyasIyer
#AshutoshSharma   #Dhoni #Pooran
#MSD $BOI @Boithebear #IPL2025 #IPL #ipl2025openingceremony #CSKvsMI #ipltickets #IPLUpdate #IPLonJioStar #IPLUpdate #IPL18
#dhonistumping #MSD #IPLUpdate #TATAIPL2025",
dhoni,"I have 2 I lower stand tickets for csk vs RCB game...if anyone is interested can DM #csk #cskvsrcb #cskvrcb #chennai 
#ipl #ipl2025 #ipltickets #rcb
#csktickets #cskticket #chepauk
#chennaiipl #chennaisuperkings #dhoni",
dhoni,"#Dhoni #CSK #IPL

Contributing to another â€œGo to kitchenâ€ trend just because a female passed a stupid comments over an IPL match ??? Vandudrathu coffee cup ah thookitu women nu ğŸ˜’ğŸ˜’ğŸ˜’

Seri Dhoni thavira edhuvum theriyala. Enna panlam ipo ??? Edachum crime list la sethrukangala?? 

Kutham soldra athana perum Sport analyst ah ??? Illa neenga matum than cricket paakanum nu aadhar card kooda extra oru card vechrukeengala ??? Inga iruka paathi aalungale SRH HRS ah than. But then Cricket is an entertainment and it is for EVERYONE. I guess no one is offering a degree to WATCH or ENJOY a sport or a movie.

Few come for the experience, the hype we created over internet for the MAN DHONI. Adicha Ticket scam ah adikanum. Black la vikuravana adikanum. Dm me for 2tickets ah adikanum. Pora vara audience and avangaloda ignorance ah abuse ku use panirkrathu ??

Yarachum oru kid romba analyse panni pesina wormfire kuzhandhai nu  adikrathu, theriyama ignorant ah pesita tharkuri nu soldrathu. 

Inimel irukra mattamana Csk site or district app la, â€œEligibility to watch cricket testâ€ veika soliralam. Vandudrathu idhu than neram nu kanda karumatha thookitu. Porakum bothe stats lam padichutu porandha maathri ğŸ˜’ğŸ˜’ğŸ˜’

Sonalum sollala nalum, there are people who comes to the stadium only to visit DHONI. And they are harmless. They went home with happy memories.

Andha aalu pona aprom, all cricket lovers santhosama CSK ah va katitu vaazhunga. Scam panra franchise vechukitu, fans mela vanmatha koturathu lam naan evlo periya intellectual, cricket therinjavan nu kaatikrathuku. 

Avlo sirapa pesa theriyum na, pora vazhi ellam mic than vechrupanga vaangi pesunga.

Ellam therinja knowledgeable crowd venum na please vera planet la permission ketu irundhukonga. Because ungala maathri â€œNORMAL PEOPLEâ€ Naanga illa ğŸ˜¤ğŸ˜¤ğŸ˜¤

Indha knowledgeable crowd, cricket lovers oda latchanam RCB vs CSK varum bothu theriyum ğŸ˜’ğŸ˜’ğŸ˜’ evlo decent, evlo knowledgeable nu.",
dhoni,"#CSKvsRCB  have 10 physical tickets UPPER STANDS 
PRICE : each 10.5k

Contact: 6382118205

#cskvsrcbtickets
#ChepaukStadium #chepauktickets #ChepaukTriplicane #Thala #ViratKohli #Dhoni #ThalaDhoni #CSKvRCB",
dhoni,"Happy Birthday To A Talented , Visionary Film Director and an Actor Prakash Rajâ¤ï¸
@prakashraaj 

#prakashraj #actorprakashraj #anniyan #dhoni #ghilli #happybirthday #jayatv",
dhoni,"Pov: He still encourage youngsters to finish the match ğŸ¤ŒğŸ»ğŸ’›

#Dhoni #CSKvsMI",
dhoni,"Dhoni Showed Gratitude For The Immense Love From Fans 

 #Dhoni #MSDhoni #ChennaiSuperKings #MumbaiIndians #IPL2025 #IPL #JioHotstar 
#IndianPremierLeague

lokmarg.com/dhoni-showed-graâ€¦",
dhoni,"Having lower physical tickets for csk vs rcb!

#csk #cskvsrcb #cskvrcb #chennai 
#ipl #ipl2025 #ipltickets #rcb
#csktickets #cskticket #chepauk
#chennaiipl #chennaisuperkings #dhoni",
dhoni,"Having upper tickets j upper for csk vs rcb!

#csk #cskvsrcb #cskvrcb #chennai 
#ipl #ipl2025 #ipltickets #rcb
#csktickets #cskticket #chepauk
#chennaiipl #chennaisuperkings #dhoni",
revanth reddy,"à°°à±‡à°µà°‚à°¤à± à°°à±†à°¡à±à°¡à°¿à°•à°¿ à°¸à±Šà°‚à°¤ à°ªà°¾à°°à±à°Ÿà±€ à°¨à±à°‚à°šà±‡ à°®à±à°ªà±à°ªà± à°ªà±Šà°‚à°šà°¿ à°‰à°‚à°¦à°¾?

à°ªà°¾à°°à±à°Ÿà±€à°²à±‹ à°°à±‡à°µà°‚à°¤à± à°°à±†à°¡à±à°¡à°¿ à°¶à±ˆà°²à°¿, à°µà±‡à°—à°µà°‚à°¤à°®à±ˆà°¨ à°¨à°¿à°°à±à°£à°¯à°¾à°²à± à°•à±Šà°‚à°¤à°®à°‚à°¦à°¿ à°¨à°¾à°¯à°•à±à°²à°•à± à°‡à°¬à±à°¬à°‚à°¦à°¿ à°•à°²à°¿à°—à°¿à°¸à±à°¤à±à°¨à±à°¨à°¾à°¯à°¿. 

#Congress #Reddy #revanth #RevanthReddy

@INCIndia @singerrevanth @revanth_anumula 

indiaherald.com/Editorial/Reâ€¦","#Congress,#Reddy,#revanth,#RevanthReddy"
revanth reddy,"ğ‰ğšğ¢ ğ‘ğğ¯ğšğ§ğ­ğ¡ ğ€ğ§ğ§ğš âœŠ
.
.
.
#revanth #revanthreddy #revanthannafan9 #Telangana #Congress #explore #ViralVideos #BRS","#revanth,#revanthreddy,#revanthannafan9,#Telangana,#Congress,#explore,#ViralVideos,#BRS"
revanth reddy,"I hope correct punishment will be given to responsibile engineers in Medigadda case. #inc, #revanth reddy, @revanth_anumula @KomatireddyKVR @UttamINC","#inc,#revanth"
revanth reddy,"North will make us secondary #citizens, #Revanth Reddy on #delimitation
telanganatoday.com/north-wilâ€¦","#citizens,#Revanth,#delimitation"
revanth reddy,"TS New Government Jobs 2025 : à°°à±†à°µà±†à°¨à±à°¯à±‚ à°¶à°¾à°–à°²à±‹à°¨à°¿ à°•à±Šà°¤à±à°¤à°—à°¾ 10,954 à°‰à°¦à±à°¯à±‹à°—à°¾à°² à°­â€Œà°°à±à°¤à±€à°•à°¿ à°†à°®à±‹à°¦à°‚... à°‡à°‚à°•à°¾ à°—à±à°°à±à°•à±à°²à°¾à°²à±à°²à±‹ à°•à±‚à°¡à°¾...!
education.sakshi.com/vrovra/â€¦
#ts #government #job2025 #vro #vra  #TelanganaCongress #revanth #reddy #news #Telugu #government #governmentjobs #Jobs #latestjobs #tsnews","#ts,#government,#job2025,#vro,#vra,#TelanganaCongress,#revanth,#reddy,#news,#Telugu,#government,#governmentjobs,#Jobs,#latestjobs,#tsnews"
revanth reddy,"Do not increase Lok Sabha seat numbers,"" in the delimitation exercise, #CM #Revanth Reddy tells Centre","#CM,#Revanth"
revanth reddy,"#BRS MLAs meet #Revanth Reddy on development works
telanganatoday.com/harish-raâ€¦","#BRS,#Revanth"
revanth reddy,"à°°à±‡à°µà°‚à°¤à± à°°à±†à°¡à±à°¡à°¿à°ªà±ˆ à°¸à°‚à°šà°²à°¨ à°µà±à°¯à°¾à°–à±à°¯à°²à± à°šà±‡à°¸à°¿à°¨ à°—à±à°®à±à°®à°¡à°¿ à°¨à°°à±à°¸à°¯à±à°¯..?

à°‡à°Ÿà±€à°µà°² à°¸à±€à°à°‚ à°°à±‡à°µà°‚à°¤à± à°°à±†à°¡à±à°¡à°¿à°¨à°¿ à°•à°²à°¿à°¸à±‡à°‚à°¦à±à°•à± à°†à°¯à°¨ à°¨à°¿à°µà°¾à°¸à°‚ à°µà°¦à±à°¦à°•à± à°—à±à°®à±à°®à°¡à°¿ à°¨à°°à±à°¸à°¯à±à°¯ à°µà°šà±à°šà°¾à°°à±. à°…à°¯à°¿à°¤à±‡ à°…à°ªà°¾à°¯à°¿à°Ÿà± 

#revanth #gummadi #KCR #Reddy

@singerrevanth @Adinarayana_JMD @INCIndia 

indiaherald.com/Editorial/Reâ€¦","#revanth,#gummadi,#KCR,#Reddy"
revanth reddy,"à°°à±‡à°µà°‚à°¤à± à°ªà±à°°à°­à±à°¤à±à°µà°¾à°¨à°¿à°•à°¿ à°…à°­à°¿à°¨à°‚à°¦à°¨à°²à± à°¤à±†à°²à°¿à°ªà°¿à°¨ à°°à°¾à°¹à±à°²à±, à°ªà±à°°à°¿à°¯à°¾à°‚à°• à°—à°¾à°‚à°§à±€à°²à±
# ARR social media #Telangana Congress #Revanth Reddy 
@revanth_anumula
@TG PRAJA PALANA","#Telangana,#Revanth"
revanth reddy,"à°•à±‡à°¸à±€à°†à°°à± à°—à±Šà°°à±à°²à±, à°¬à°°à±à°²à± à°•à°¾à°¸à±à°•à±Šà°®à±à°®à°‚à°Ÿà±‡.. 
à°šà°¦à±à°µà±à°•à±à°¨à°¿ à°‰à°¦à±à°¯à±‹à°—à°¾à°²à± à°šà±†à°¯à±à°¯à°®à°¨à°¿ à°°à±‡à°µà°‚à°¤à°¨à±à°¨ à°…à°‚à°Ÿà±à°¨à±à°¨à°¡à±..
# ARR social media
#Revanth Reddy #Congress #jonnotification #Telangana","#Revanth,#Congress,#jonnotification,#Telangana"
revanth reddy,"#Telangana #HC quashes case against #Revanth Reddy
telanganatoday.com/telanganaâ€¦","#Telangana,#HC,#Revanth"
revanth reddy,"Chief Minister #Revanth Reddy clinches a major deal with #McDonaldâ€™s #CEO Chris #Kempczinski, bringing 2,000 jobs & boosting local agriculture. #Hyderabad beats #Bangalore with its talent, infra & quality of life.","#Revanth,#McDonald,#CEO,#Kempczinski,#Hyderabad,#Bangalore"
revanth reddy,"Telangana CM #Revanth Reddy highlights the state's financial crunch, citing inability to pay dearness allowance. Fiscal discipline across states is crucial as deficits and debts rise due to populist schemes. #Telangana #FiscalHealth #StateFinance","#Revanth,#Telangana,#FiscalHealth,#StateFinance"
revanth reddy,"à°—à±à°‚à°Ÿ à°¨à°•à±à°•à°²à°¨à± à°µà±‡à°Ÿà°¾à°¡à±‡ à°¸à°¿à°‚à°¹à°‚..ğŸ”¥ğŸ”¥
@revanth_anumula

#RevanthReddy #TelanganaCM #TelanganaCongress #Revanth #TelanganaCMO #Telangana @TGCMOUnofficial #Politics #TelanganaPolitics #Congress","#RevanthReddy,#TelanganaCM,#TelanganaCongress,#Revanth,#TelanganaCMO,#Telangana,#Politics,#TelanganaPolitics,#Congress"
revanth reddy,"à°°à±‡à°µà°‚à°¤à± à°°à±†à°¡à±à°¡à°¿à°•à°¿ à°¸à±Šà°‚à°¤ à°ªà°¾à°°à±à°Ÿà±€ à°¨à±à°‚à°šà±‡ à°®à±à°ªà±à°ªà± à°ªà±Šà°‚à°šà°¿ à°‰à°‚à°¦à°¾?

à°ªà°¾à°°à±à°Ÿà±€à°²à±‹ à°°à±‡à°µà°‚à°¤à± à°°à±†à°¡à±à°¡à°¿ à°¶à±ˆà°²à°¿, à°µà±‡à°—à°µà°‚à°¤à°®à±ˆà°¨ à°¨à°¿à°°à±à°£à°¯à°¾à°²à± à°•à±Šà°‚à°¤à°®à°‚à°¦à°¿ à°¨à°¾à°¯à°•à±à°²à°•à± à°‡à°¬à±à°¬à°‚à°¦à°¿ à°•à°²à°¿à°—à°¿à°¸à±à°¤à±à°¨à±à°¨à°¾à°¯à°¿. 

#Congress #Reddy #revanth #RevanthReddy

@INCIndia @singerrevanth @revanth_anumula 

indiaherald.com/Editorial/Reâ€¦","#Congress,#Reddy,#revanth,#RevanthReddy"
revanth reddy,"ğ‰ğšğ¢ ğ‘ğğ¯ğšğ§ğ­ğ¡ ğ€ğ§ğ§ğš âœŠ
.
.
.
#revanth #revanthreddy #revanthannafan9 #Telangana #Congress #explore #ViralVideos #BRS","#revanth,#revanthreddy,#revanthannafan9,#Telangana,#Congress,#explore,#ViralVideos,#BRS"
revanth reddy,"I hope correct punishment will be given to responsibile engineers in Medigadda case. #inc, #revanth reddy, @revanth_anumula @KomatireddyKVR @UttamINC","#inc,#revanth"
revanth reddy,"North will make us secondary #citizens, #Revanth Reddy on #delimitation
telanganatoday.com/north-wilâ€¦","#citizens,#Revanth,#delimitation"
revanth reddy,"TS New Government Jobs 2025 : à°°à±†à°µà±†à°¨à±à°¯à±‚ à°¶à°¾à°–à°²à±‹à°¨à°¿ à°•à±Šà°¤à±à°¤à°—à°¾ 10,954 à°‰à°¦à±à°¯à±‹à°—à°¾à°² à°­â€Œà°°à±à°¤à±€à°•à°¿ à°†à°®à±‹à°¦à°‚... à°‡à°‚à°•à°¾ à°—à±à°°à±à°•à±à°²à°¾à°²à±à°²à±‹ à°•à±‚à°¡à°¾...!
education.sakshi.com/vrovra/â€¦
#ts #government #job2025 #vro #vra  #TelanganaCongress #revanth #reddy #news #Telugu #government #governmentjobs #Jobs #latestjobs #tsnews","#ts,#government,#job2025,#vro,#vra,#TelanganaCongress,#revanth,#reddy,#news,#Telugu,#government,#governmentjobs,#Jobs,#latestjobs,#tsnews"
revanth reddy,"Do not increase Lok Sabha seat numbers,"" in the delimitation exercise, #CM #Revanth Reddy tells Centre","#CM,#Revanth"
revanth reddy,"#BRS MLAs meet #Revanth Reddy on development works
telanganatoday.com/harish-raâ€¦","#BRS,#Revanth"
revanth reddy,"à°°à±‡à°µà°‚à°¤à± à°°à±†à°¡à±à°¡à°¿à°ªà±ˆ à°¸à°‚à°šà°²à°¨ à°µà±à°¯à°¾à°–à±à°¯à°²à± à°šà±‡à°¸à°¿à°¨ à°—à±à°®à±à°®à°¡à°¿ à°¨à°°à±à°¸à°¯à±à°¯..?

à°‡à°Ÿà±€à°µà°² à°¸à±€à°à°‚ à°°à±‡à°µà°‚à°¤à± à°°à±†à°¡à±à°¡à°¿à°¨à°¿ à°•à°²à°¿à°¸à±‡à°‚à°¦à±à°•à± à°†à°¯à°¨ à°¨à°¿à°µà°¾à°¸à°‚ à°µà°¦à±à°¦à°•à± à°—à±à°®à±à°®à°¡à°¿ à°¨à°°à±à°¸à°¯à±à°¯ à°µà°šà±à°šà°¾à°°à±. à°…à°¯à°¿à°¤à±‡ à°…à°ªà°¾à°¯à°¿à°Ÿà± 

#revanth #gummadi #KCR #Reddy

@singerrevanth @Adinarayana_JMD @INCIndia 

indiaherald.com/Editorial/Reâ€¦","#revanth,#gummadi,#KCR,#Reddy"
revanth reddy,"à°°à±‡à°µà°‚à°¤à± à°ªà±à°°à°­à±à°¤à±à°µà°¾à°¨à°¿à°•à°¿ à°…à°­à°¿à°¨à°‚à°¦à°¨à°²à± à°¤à±†à°²à°¿à°ªà°¿à°¨ à°°à°¾à°¹à±à°²à±, à°ªà±à°°à°¿à°¯à°¾à°‚à°• à°—à°¾à°‚à°§à±€à°²à±
# ARR social media #Telangana Congress #Revanth Reddy 
@revanth_anumula
@TG PRAJA PALANA","#Telangana,#Revanth"
revanth reddy,"à°•à±‡à°¸à±€à°†à°°à± à°—à±Šà°°à±à°²à±, à°¬à°°à±à°²à± à°•à°¾à°¸à±à°•à±Šà°®à±à°®à°‚à°Ÿà±‡.. 
à°šà°¦à±à°µà±à°•à±à°¨à°¿ à°‰à°¦à±à°¯à±‹à°—à°¾à°²à± à°šà±†à°¯à±à°¯à°®à°¨à°¿ à°°à±‡à°µà°‚à°¤à°¨à±à°¨ à°…à°‚à°Ÿà±à°¨à±à°¨à°¡à±..
# ARR social media
#Revanth Reddy #Congress #jonnotification #Telangana","#Revanth,#Congress,#jonnotification,#Telangana"
revanth reddy,"#Telangana #HC quashes case against #Revanth Reddy
telanganatoday.com/telanganaâ€¦","#Telangana,#HC,#Revanth"
revanth reddy,"Chief Minister #Revanth Reddy clinches a major deal with #McDonaldâ€™s #CEO Chris #Kempczinski, bringing 2,000 jobs & boosting local agriculture. #Hyderabad beats #Bangalore with its talent, infra & quality of life.","#Revanth,#McDonald,#CEO,#Kempczinski,#Hyderabad,#Bangalore"
revanth reddy,"Telangana CM #Revanth Reddy highlights the state's financial crunch, citing inability to pay dearness allowance. Fiscal discipline across states is crucial as deficits and debts rise due to populist schemes. #Telangana #FiscalHealth #StateFinance","#Revanth,#Telangana,#FiscalHealth,#StateFinance"
revanth reddy,"à°—à±à°‚à°Ÿ à°¨à°•à±à°•à°²à°¨à± à°µà±‡à°Ÿà°¾à°¡à±‡ à°¸à°¿à°‚à°¹à°‚..ğŸ”¥ğŸ”¥
@revanth_anumula

#RevanthReddy #TelanganaCM #TelanganaCongress #Revanth #TelanganaCMO #Telangana @TGCMOUnofficial #Politics #TelanganaPolitics #Congress","#RevanthReddy,#TelanganaCM,#TelanganaCongress,#Revanth,#TelanganaCMO,#Telangana,#Politics,#TelanganaPolitics,#Congress"
technology,#ANewNASENI #NASENIWatch #WeeklyReview #Science #Technology #Engineering #Innovation,"#ANewNASENI,#NASENIWatch,#WeeklyReview,#Science,#Technology,#Engineering,#Innovation"
technology,"News:- à¤µà¤¾à¤¶à¤¿à¤‚à¤—à¤Ÿà¤¨, à¤Ÿà¥ˆà¤°à¤¿à¤« à¤•à¥‡ à¤à¤²à¤¾à¤¨ à¤•à¥‡ à¤¬à¤¾à¤¦ à¤…à¤®à¥‡à¤°à¤¿à¤•à¥€ à¤¬à¤¾à¤œà¤¾à¤° 6% à¤¤à¤• à¤—à¤¿à¤°à¤¾, 2 à¤Ÿà¥à¤°à¤¿à¤²à¤¿à¤¯à¤¨ à¤¡à¥‰à¤²à¤° à¤®à¤¾à¤°à¥à¤•à¥‡à¤Ÿ à¤•à¥ˆà¤ª à¤¸à¥à¤µà¤¾à¤¹à¤¾, à¤à¤ªà¤²-à¤¨à¤¾à¤‡à¤•à¥€ à¤•à¥‡ à¤¶à¥‡à¤¯à¤° 15% à¤¤à¤• à¤Ÿà¥‚à¤Ÿà¥‡, à¤à¤¯à¤°à¤²à¤¾à¤‡à¤¨, à¤Ÿà¥‡à¤•à¥à¤¨à¥‹à¤²à¥‰à¤œà¥€, à¤¬à¥ˆà¤‚à¤•à¤¿à¤‚à¤— à¤”à¤° à¤°à¤¿à¤Ÿà¥‡à¤² à¤¸à¤®à¥‡à¤¤ à¤¸à¤­à¥€ à¤ªà¥à¤°à¤®à¥à¤– à¤¸à¥‡à¤•à¥à¤Ÿà¤°à¥‹à¤‚ à¤®à¥‡à¤‚ à¤¹à¥à¤† à¤¨à¥à¤•à¤¸à¤¾à¤¨
#BreakingNews #news #SANewsRajasthan #America #airline #technology #","#BreakingNews,#news,#SANewsRajasthan,#America,#airline,#technology"
technology,"ğŸš¨ Indian tech billionaire Prasanna contacted escorts, asked for open marriage: Report 
#national #technology

ğŸš¨ Stop schools from collecting enhanced fee: Atishi to Delhi CM 
#national #politics","#national,#technology,#national,#politics"
technology,"We are a leading PCB Assembly manufacturer in China!
#pcba #pcb #electronics #technology","#pcba,#pcb,#electronics,#technology"
technology,"The Top Uses of #AI in #Digital Twins
by Ryan Bellefontaine @VisualCap

Learn more: buff.ly/WAha7ar

#DigitalTransformation #Innovation #Tech #Technology

cc: @yuhelenyu @bernardmarr @karpathy","#AI,#Digital,#DigitalTransformation,#Innovation,#Tech,#Technology"
technology,"Let's do Omega giga heed me clearly, no matter what I have the upper hand in the sense that I sacrifice this in this accord? I want to proceed, but I'm broken. Incoming minutes of our movie clear better
#video #aivideo  #aliens #aiart #Technology #art #ufo #physics #science #math","#video,#aivideo,#aliens,#aiart,#Technology,#art,#ufo,#physics,#science,#math"
technology,"Ethernet cables are classified into â€œCAT-Nâ€ categories (â€œCATâ€ meaning Category) based on their performance specifications, e.g. bandwidth (MHz), max data rate (Mbps or Gbps), and distance ğŸ˜ğŸ‘‡

Find pdf books with all my #technology infographics at study-notes.org",#technology
technology,#Debat #Femme #technology,"#Debat,#Femme,#technology"
technology,"Apple-UK data privacy row should not be secret, court rules ift.tt/S4FtCMj #technology",#technology
technology,I played the Â£75 Mario Kart World on Switch 2 - was it worth it? ift.tt/JfgD3bO #technology,#technology
technology,Business Daily ift.tt/r6inTH9 #technology,#technology
technology,"Biology Meets Engineering: A Game-Changer! #shorts #science  
#biology #engineering #innovation #design #prototype #scienceandtech #leadership #discovery #technology #risktaking

Watch the full video here: piped.video/watch?v=-sXGRhqwâ€¦","#shorts,#science,#biology,#engineering,#innovation,#design,#prototype,#scienceandtech,#leadership,#discovery,#technology,#risktaking"
dhoni,"No one can match the aura of this entry scene ğŸ’›
#Dhoni #CSKvsDC","#Dhoni,#CSKvsDC"
dhoni,"2 k lower ticket available 
#CSKvsKKR #cskvskkrtickets #csktickets #csk #WhistlePodu #Dhoni 
Dm if interested","#CSKvsKKR,#cskvskkrtickets,#csktickets,#csk,#WhistlePodu,#Dhoni"
dhoni,"#JUSTIN | à®à®©à¯à®©à¯ˆà®µà®¿à®Ÿ à®…à®£à®¿à®¯à¯‡ à®®à¯à®•à¯à®•à®¿à®¯à®®à¯! - à®¤à¯‹à®©à®¿

#IPL | #IPL2025 | #CSK | #MSDhoniğ“ƒµ | #Dhoni","#JUSTIN,#IPL,#IPL2025,#CSK,#MSDhoniğ“ƒµ,#Dhoni"
dhoni,"Selling for best price
DM fast asap
#CSKvsKKR #csktickets #IPL2025 #ipl2025openingceremony #ipltickets #Dhoni","#CSKvsKKR,#csktickets,#IPL2025,#ipl2025openingceremony,#ipltickets,#Dhoni"
dhoni,"#DHONI goes down the ground !6ï¸âƒ£ğŸ’¥

Powers one straight back over the bowlerâ€™s head for a massive SIX! ğŸ’ª
With his parents cheering from the stands, will he script yet another iconic finish for #CSK? âœğŸ»ğŸ‘‡

Watch LIVE action â¡ hotstar.onelink.me/rL9Z/46x0â€¦

#IPLonJioStar ğŸ‘‰ #PBKSvRR | LIVE NOW on Star Sports 1, Star Sports 1 Hindi & JioHotstar!","#DHONI,#CSK,#IPLonJioStar,#PBKSvRR"
dhoni,"Captain Ruturaj is not happy with the Openers ğŸ¥²

#iplt20
#mahendrasinghdhoni #csk #msdhoni #chepauk #whistlepodu #ipl #t20 #yellove #dhoni #msd #chennaisuperkings #msd #cricketreels #chennaiipl #tamil #cskfans #sirjadeja #dhonifans #chennai #teamindia #dhonifan #ruturaj","#iplt20,#mahendrasinghdhoni,#csk,#msdhoni,#chepauk,#whistlepodu,#ipl,#t20,#yellove,#dhoni,#msd,#chennaisuperkings,#msd,#cricketreels,#chennaiipl,#tamil,#cskfans,#sirjadeja,#dhonifans,#chennai,#teamindia,#dhonifan,#ruturaj"
dhoni,"à¤®à¥‡à¤°à¥‡ à¤ªà¤¾à¤¸ à¤¯à¤¹ à¤¤à¤¯ à¤•à¤°à¤¨à¥‡ à¤•à¥‡ à¤²à¤¿à¤ 10 à¤®à¤¹à¥€à¤¨à¥‡ à¤¹à¥ˆà¤‚ à¤•à¤¿ à¤®à¥ˆà¤‚ à¤à¤• à¤”à¤° à¤¸à¤¾à¤² à¤–à¥‡à¤²à¤¨à¤¾ à¤šà¤¾à¤¹à¤¤à¤¾ à¤¹à¥‚à¤‚ à¤¯à¤¾ à¤¨à¤¹à¥€à¤‚: à¤§à¥‹à¤¨à¥€ 

#FocusNews #SportsNews  #Dhoni #CricketLegend #SportsDecision #OneMoreYear #CricketLife #MSDhoni #AthleteJourney #GameChanger #CricketCommunity #FuturePlans

focusnews.co.in/2025/04/i-haâ€¦","#FocusNews,#SportsNews,#Dhoni,#CricketLegend,#SportsDecision,#OneMoreYear,#CricketLife,#MSDhoni,#AthleteJourney,#GameChanger,#CricketCommunity,#FuturePlans"
dhoni,#ipl #mahendrasinghdhoni #indianpremierleague #csk2025 #ChennaiSuperKings #csk #cskfans #whistlepodu #MSDhoni #dhoni #mahi #captaincool #thala #msd #thaladhoni #ipl2025 #msdiansforever #msdians #shivamdube #superkings #ashwin #ruturajgaikwad #indiancricket #chennai,"#ipl,#mahendrasinghdhoni,#indianpremierleague,#csk2025,#ChennaiSuperKings,#csk,#cskfans,#whistlepodu,#MSDhoni,#dhoni,#mahi,#captaincool,#thala,#msd,#thaladhoni,#ipl2025,#msdiansforever,#msdians,#shivamdube,#superkings,#ashwin,#ruturajgaikwad,#indiancricket,#chennai"
dhoni,"CSK vs KKR tickets available 11/4/25
Consecutive tickets
C upper .
Dm for price 
U can come directly ,confirm and get the tickets.
#cskvskkr #csk #kkr #ipl2025 #ipltickets #cskvskkrtickets #dhoni
#chepauk","#cskvskkr,#csk,#kkr,#ipl2025,#ipltickets,#cskvskkrtickets,#dhoni,#chepauk"
dhoni,"#Dinamani | à®à®ªà¯à®ªà¯‹à®¤à¯ à®“à®¯à¯à®µà¯? à®®à®©à®®à¯ à®¤à®¿à®±à®¨à¯à®¤ à®¤à¯‹à®©à®¿

#IPL #Dhoni #DhoniRetirement #CSK #ChennaiSuperKings","#Dinamani,#IPL,#Dhoni,#DhoniRetirement,#CSK,#ChennaiSuperKings"
dhoni,"CSK Vs KKR 2 K lower 4 tickets 
E lower 2 tickets Online Ticket Available Hand to Hand You can Check and Transfer Intrested Dm Me
@ChennaiIPL @KKRiders @IPL @msdhoni 
#csktickets #CSK #cskvskkrtickets #cskvskkr #kkrvscsk #gambhir #IPL2025 #ipltickets #IPLUpdate #Dhoni #Chepauk","#csktickets,#CSK,#cskvskkrtickets,#cskvskkr,#kkrvscsk,#gambhir,#IPL2025,#ipltickets,#IPLUpdate,#Dhoni,#Chepauk"
dhoni,"Good evening sweet heart â¤ï¸ 

#RCBvsGT  #SweetAshley

#Dhoni #Ø§Ù„Ù†ØµØ±_Ø§Ù„Ù‡Ù„Ø§Ù„ #LCDLFAllStars","#RCBvsGT,#SweetAshley,#Dhoni,#Ø§Ù„Ù†ØµØ±_Ø§Ù„Ù‡Ù„Ø§Ù„,#LCDLFAllStars"
dhoni,"CSK ğŸ’› VS KKRğŸ’œ TICKETS Available
J lower Stand 
2 consecutive 
Hand to Hand chennai
#cskvskkr #CSK #Csktickets #chepauk #Dhoni #Yellove #WhistlePodu #anbuden #kkr #kkrvscsk #sharukhan #MSDhoni #IPL2025 #IPL #IPLUpdate #ipltickets #IPLClicks #iplayer #Chennai #ChennaiSuperKings","#cskvskkr,#CSK,#Csktickets,#chepauk,#Dhoni,#Yellove,#WhistlePodu,#anbuden,#kkr,#kkrvscsk,#sharukhan,#MSDhoni,#IPL2025,#IPL,#IPLUpdate,#ipltickets,#IPLClicks,#iplayer,#Chennai,#ChennaiSuperKings"
dhoni,"The Last Time we met PBKSğŸ™ŒğŸ»
#Dhoni #CSK #CSKvPBKS #ChennaiSuperKings","#Dhoni,#CSK,#CSKvPBKS,#ChennaiSuperKings"
dhoni,"A journey of pure class!

news7tamil.live  | #ruthuraj | #csk | #ruthu | #ipl 
| #IPL2025 | #Dhoni | #News7TamilUpdates 
| #News7Tamil","#ruthuraj,#csk,#ruthu,#ipl,#IPL2025,#Dhoni,#News7TamilUpdates,#News7Tamil"
dhoni,"#cskvskkr tickets available Interested people can ping ME. 

#MSDhoni #IPL2025 #CSK #cskvskkrtickets  #chepauk #Dhoni #WhistlePodu #kkr #ipltickets #ipltickets2025 #MSDhoniğ“ƒµ #ChennaiSuperKings #ipl2025tickets #cskticket","#cskvskkr,#MSDhoni,#IPL2025,#CSK,#cskvskkrtickets,#chepauk,#Dhoni,#WhistlePodu,#kkr,#ipltickets,#ipltickets2025,#MSDhoniğ“ƒµ,#ChennaiSuperKings,#ipl2025tickets,#cskticket"
dhoni,"à®“à®¯à¯à®µà¯ à®šà®°à¯à®šà¯à®šà¯ˆà®•à¯à®•à¯ à®¤à¯‹à®©à®¿ à®®à¯à®±à¯à®±à¯à®ªà¯à®ªà¯à®³à¯à®³à®¿! -à®à®®à¯.à®à®¸à¯. à®¤à¯‹à®©à®¿

#MSDhoni | #MahendraSinghDhoni | #Dhoni | 
#CSK | #IPL | #DhoniRetirement","#MSDhoni,#MahendraSinghDhoni,#Dhoni,#CSK,#IPL,#DhoniRetirement"
virat,"#AmVira ko saath mein khush dekhkar kya Abir, Amruta ko paane ki khwaahish chhod dega? Dekhiye #KaiseMujheTumMilGaye, har roz, shaam 7:30 baje, sirf #ZeeTV par.
#Amruta #Virat #ZeeTVReels","#AmVira,#KaiseMujheTumMilGaye,#ZeeTV,#Amruta,#Virat,#ZeeTVReels"
virat,"MI vs RCB tickets  for today!!!
 wankhedeğŸ
Few tickets available
Dm for details!
#IPL2025 #IPL #RohitSharma #MumbaiIndians  #IPL #Virat #Mumbai #ViratKohliğ“ƒµ #MIvsRCB #ipltickets #RCB #rcbvsmi #ipltickets #RcbvsMI #IPL2025 #ipltickets #MI","#IPL2025,#IPL,#RohitSharma,#MumbaiIndians,#IPL,#Virat,#Mumbai,#ViratKohliğ“ƒµ,#MIvsRCB,#ipltickets,#RCB,#rcbvsmi,#ipltickets,#RcbvsMI,#IPL2025,#ipltickets,#MI"
virat,"Apni galtiyon ka ab Abir kaise karega praayaschitt? Dekhiye #KaiseMujheTumMilGaye, har roz, shaam 7:30 baje, sirf #ZeeTV par.

#Amruta
#Virat
#ZeeTVReels","#KaiseMujheTumMilGaye,#ZeeTV,#Amruta,#Virat,#ZeeTVReels"
virat,"RCB is responsible for  declining mental healthâ˜ ï¸ğŸ’”
#rcbforeverâ¤ï¸ #eesalacupnamdeğŸ† #royalchallengersbangloreâ¤ï¸ #virat #ipl2025 #ipl18 #kohlifans #rcbforever","#rcbforever,#eesalacupnamde,#royalchallengersbanglore,#virat,#ipl2025,#ipl18,#kohlifans,#rcbforever"
virat,"MI vs RCB tickets  for today!!â¤ï¸
 wankhede
 Multiple tickets available 
Dm for details
#IPL2025 #IPL #RohitSharma #MumbaiIndians  #IPL #Virat #Mumbai #ViratKohliğ“ƒµ #MIvsRCB #ipltickets #RCB #rcbvsmi #ipltickets #RcbvsMI #IPL2025 #ipltickets #MIğŸŸï¸ğŸ«ğŸ«ğŸŸï¸","#IPL2025,#IPL,#RohitSharma,#MumbaiIndians,#IPL,#Virat,#Mumbai,#ViratKohliğ“ƒµ,#MIvsRCB,#ipltickets,#RCB,#rcbvsmi,#ipltickets,#RcbvsMI,#IPL2025,#ipltickets,#MI"
virat,"MI vs RCB tickets  for today!!!
 wankhedeğŸ
 Multiple tickets available..
Dm for details!
#IPL2025 #IPL #RohitSharma #MumbaiIndians  #IPL #Virat #Mumbai #ViratKohliğ“ƒµ #MIvsRCB #ipltickets #RCB #rcbvsmi #ipltickets #RcbvsMI #IPL2025 #ipltickets #MI","#IPL2025,#IPL,#RohitSharma,#MumbaiIndians,#IPL,#Virat,#Mumbai,#ViratKohliğ“ƒµ,#MIvsRCB,#ipltickets,#RCB,#rcbvsmi,#ipltickets,#RcbvsMI,#IPL2025,#ipltickets,#MI"
virat,"Eachother comfort zoneğŸ«¶ğŸ«‚ğŸ§¿ 
#Amruta #Virat #AmVira
#SritiJha #ArjitTaneja #SriJit
#KMTMG
#KaiseMujheTumMilGaye","#Amruta,#Virat,#AmVira,#SritiJha,#ArjitTaneja,#SriJit,#KMTMG,#KaiseMujheTumMilGaye"
virat,"MI vs RCB tickets for 7th april!

 SERIOUS BUYERS ONLY !!!

DM

#IPL2025 #IPL #RohitSharma #MumbaiIndians  #IPL #Virat #Mumbai #ViratKohliğ“ƒµ #MIvsRCB #ipltickets #RCB #rcbvsmi #ipltickets #RcbvsMI #IPL2025 #ipltickets #MI ğŸŸï¸","#IPL2025,#IPL,#RohitSharma,#MumbaiIndians,#IPL,#Virat,#Mumbai,#ViratKohliğ“ƒµ,#MIvsRCB,#ipltickets,#RCB,#rcbvsmi,#ipltickets,#RcbvsMI,#IPL2025,#ipltickets,#MI"
virat,"#ipltickets #RCBvsDC *4 tickets Avalable* ( M Ticket )ğŸŸï¸ ğŸ«
STAND : A stand
PRICE : 8000/- for 2 Tickets
            : 15000/- For 4 Tickets
CONTACT : *8956633071*
#RCB #RCBvsMI #virat #mumbai #rcbtickets #ipl2025 #ipltickets #bumbra","#ipltickets,#RCBvsDC,#RCB,#RCBvsMI,#virat,#mumbai,#rcbtickets,#ipl2025,#ipltickets,#bumbra"
virat,"#MIvsRCB #RCBvsDC *4 tickets Avalable* ( M Ticket )ğŸŸï¸ ğŸ«
STAND : A stand
PRICE : 8000/- for 2 Tickets
            : 15000/- For 4 Tickets
CONTACT : *8956633071*
#RCB #RCBvsMI #virat #mumbai #rcbtickets #ipl2025 #ipltickets #bumbra","#MIvsRCB,#RCBvsDC,#RCB,#RCBvsMI,#virat,#mumbai,#rcbtickets,#ipl2025,#ipltickets,#bumbra"
virat,"#JaspritBumrah #RCBvsDC *4 tickets Avalable* ( M Ticket )ğŸŸï¸ ğŸ«
STAND : A stand
PRICE : 8000/- for 2 Tickets
            : 15000/- For 4 Tickets
CONTACT : *8956633071*
#RCB #RCBvsMI #virat #mumbai #rcbtickets #ipl2025 #ipltickets #bumbra","#JaspritBumrah,#RCBvsDC,#RCB,#RCBvsMI,#virat,#mumbai,#rcbtickets,#ipl2025,#ipltickets,#bumbra"
virat,"#RCBvsDC *4 tickets Avalable* ( M Ticket )ğŸŸï¸ ğŸ«
STAND : A stand
PRICE : 8000/- for 2 Tickets
            : 15000/- For 4 Tickets
CONTACT : *8956633071*
#RCB #RCBvsMI #virat #mumbai #rcbtickets #ipl2025 #ipltickets #bumbra","#RCBvsDC,#RCB,#RCBvsMI,#virat,#mumbai,#rcbtickets,#ipl2025,#ipltickets,#bumbra"
rohit sharma,"Rohit Sharma and Jasprit Bumrah Playing for MI tonight ğŸ”¥ğŸ”¥

#IPL #IPL2025 #Rohit #Bumrah #MIvsRCB","#IPL,#IPL2025,#Rohit,#Bumrah,#MIvsRCB"
rohit sharma,"#Rohit Sharma (MI):

Top scorer for MI vs RCB with 791 runs

#Virat Kohli (RCB):

Top scorer vs MI with 855 runs in 32 innings.

Includes 5 half-centuries; highest score: *92 (not out)**.

#MIvsRCB
#RohitSharma
#JaspritBumrah
#ViratKohli
#IPL2025
#RCBvsMI","#Rohit,#Virat,#MIvsRCB,#RohitSharma,#JaspritBumrah,#ViratKohli,#IPL2025,#RCBvsMI"
rohit sharma,"MI vs RCB Head-to-Head (IPL)

Total Matches: 33

#MI Wins: 19
#RCB Wins: 14

At #Wankhede Stadium (Mumbai):

Total Matches: 11

MI Wins: 8
RCB Wins: 3

Most Runs (RCB): #ViratKohli #Kohli â€“ 855

Most Runs (MI): #Rohit Sharma â€“ 612","#MI,#RCB,#Wankhede,#ViratKohli,#Kohli,#Rohit"
rohit sharma,"It's time for Choker Virat Kohli to leave India & GayCB 
@IconickohIi 

#Chinnaswamy #ViratKohli #Rohit #Sharma #Virat #Kohli #Chokli #CSK #Dhoni #Bengaluru #Tamil #RCBfans #ChennaiSuperKings #Chennai #JustAsking #MIvsRCB #RCB #MumbaiIndians #IPL2025 #RoyalChallangersBengaluru","#Chinnaswamy,#ViratKohli,#Rohit,#Sharma,#Virat,#Kohli,#Chokli,#CSK,#Dhoni,#Bengaluru,#Tamil,#RCBfans,#ChennaiSuperKings,#Chennai,#JustAsking,#MIvsRCB,#RCB,#MumbaiIndians,#IPL2025,#RoyalChallangersBengaluru"
rohit sharma,"Virat Kohli achievement in RCB as a Captain & as a player @SassyyQueenn 

#Chinnaswamy #ViratKohli #Rohit #Sharma #Virat #Kohli #Chokli #CSK #Dhoni #Bengaluru #Tamil #RCBfans #ChennaiSuperKings #Chennai #JustAsking #MIvsRCB #RCB #MumbaiIndians #IPL2025 #RoyalChallangersBengaluru","#Chinnaswamy,#ViratKohli,#Rohit,#Sharma,#Virat,#Kohli,#Chokli,#CSK,#Dhoni,#Bengaluru,#Tamil,#RCBfans,#ChennaiSuperKings,#Chennai,#JustAsking,#MIvsRCB,#RCB,#MumbaiIndians,#IPL2025,#RoyalChallangersBengaluru"
rohit sharma,"Virat Kohli for India & RCB @BluntIndianGal 

#IndiaCricket #ViratKohli #Rohit #Sharma #MSDhoni #Virat #Kohli #Chokli #CSK #Dhoni #Bengaluru #ChennaiSuperKings #Chennai #JustAsking #RCB #MI #MIvsRCB #EeSalaCupNamde #IPL2025 #MumbaiIndians #Chinnaswamy  #RoyalChallangersBengaluru","#IndiaCricket,#ViratKohli,#Rohit,#Sharma,#MSDhoni,#Virat,#Kohli,#Chokli,#CSK,#Dhoni,#Bengaluru,#ChennaiSuperKings,#Chennai,#JustAsking,#RCB,#MI,#MIvsRCB,#EeSalaCupNamde,#IPL2025,#MumbaiIndians,#Chinnaswamy,#RoyalChallangersBengaluru"
rohit sharma,"Virat Kohli the Peedai and the Red Light Challengers Bengaluru @devpromoth 

#ViratKohli #Rohit #Sharma #MSDhoni #Virat #Kohli #Chokli #CSK #Dhoni #Bengaluru #ChennaiSuperKings #Chennai #JustAsking #RCB  #EeSalaCupNamde #MumbaiIndians #Chinnaswamy  #RoyalChallangersBengaluru","#ViratKohli,#Rohit,#Sharma,#MSDhoni,#Virat,#Kohli,#Chokli,#CSK,#Dhoni,#Bengaluru,#ChennaiSuperKings,#Chennai,#JustAsking,#RCB,#EeSalaCupNamde,#MumbaiIndians,#Chinnaswamy,#RoyalChallangersBengaluru"
rohit sharma,"ğŸš¨ğŸ‰ GIVEAWAY! 
Predict total no. of 4s & 6s in match between MI v RCB? For Eg.- 30 (4s), 12 (6s) & WIN â‚¹351 each!  

ğŸš€ Step: Must Like, Retweet & Follow Instagramâ€” ritiksharma45/ig

#MIvsRCB #RCBvMI #Virat #IPL2025 #IPLGiveaway #IPL18 #Rohit #Hardik #RajatPatidar","#MIvsRCB,#RCBvMI,#Virat,#IPL2025,#IPLGiveaway,#IPL18,#Rohit,#Hardik,#RajatPatidar"
rohit sharma,"Today's match MI vs RCB ğŸ”¥ğŸ”¥ğŸ”¥.
Waiting for Rohit Sharma who is Hitman. Virat Kohli the king of cricket. We are missing those two great persons captains ğŸ˜ğŸ˜ğŸ˜.
#mi #MumbaiIndians #RCB #Kohli #ViratKohli #kingkohli #hitman #IPL #IPLUpdate #rohit #RohitSharma #indiancricket","#mi,#MumbaiIndians,#RCB,#Kohli,#ViratKohli,#kingkohli,#hitman,#IPL,#IPLUpdate,#rohit,#RohitSharma,#indiancricket"
rohit sharma,"Greatest Capitan ever. Indian deserves a great person as Cricket captain.
#bcci #RohitSharma #RohitSharmağ“ƒµ #rohit #Cricket","#bcci,#RohitSharma,#RohitSharmağ“ƒµ,#rohit,#Cricket"
rohit sharma,We #Rohit Sharma fans demand an open apology tweet from @RahulGandhi and @INCIndia. Insulting our captain comes with consequences better fix your mistake before itâ€™s too late,#Rohit
rohit sharma,"@BCCI @IPL 
Start of  #IPL, players like @sachin_rt @SGanguly99, @YUVSTRONG12, #RahulDravid were Icon players

Clubs shd be asked to treat A Grade players as Icon players and not let them face the situation like @ImRo45. Is an insult to #India

Btw, not a fan of #Rohit Captaincy","#IPL,#RahulDravid,#India,#Rohit"
rohit sharma,"WHY ROHIT SHARMA NOT PLAY LSG MATCH | LSG VS MI | IPL2025  | MTCH HIGHLIGHT #ipl2025 #rohitsharma #ROHIT #IPL2025 #LSGvsMI 

piped.video/HCOMWbiEW6s","#ipl2025,#rohitsharma,#ROHIT,#IPL2025,#LSGvsMI"
rohit sharma,"piped.video/HCOMWbiEW6s

WHY ROHIT SHARMA NOT PLAY LSG MATCH | LSG VS MI | IPL2025  | MTCH HIGHLIGHT #ipl2025 #RohitSharma #ROHIT #IPL #LSGvsMI #LSG #MI","#ipl2025,#RohitSharma,#ROHIT,#IPL,#LSGvsMI,#LSG,#MI"
rohit sharma,"TNOTSA at AIM Congress 2025! ğŸŒ± Premium organic food with a focus on sustainability and community. Explore the change! ğŸŒ

#Minecraft #Rohit Sharma #ã‚¿ãƒãƒŸãƒ„ãƒ #SOON Ecosystem #Ø¹Ù„ÙŠ Ø§Ù„Ù†Ø¨ÙŠ #Ø§Ù„Ø§Ù‡Ù„ÙŠ #ManojKumar #ABSCBNBall2025 #TAKEITOFF_JASPERMV #Hardik","#Minecraft,#Rohit,#ã‚¿ãƒãƒŸãƒ„ãƒ,#SOON,#Ø¹Ù„ÙŠ,#Ø§Ù„Ø§Ù‡Ù„ÙŠ,#ManojKumar,#ABSCBNBall2025,#TAKEITOFF_JASPERMV,#Hardik"
rohit sharma,"Rohit Sharma and Jasprit Bumrah Playing for MI tonight ğŸ”¥ğŸ”¥

#IPL #IPL2025 #Rohit #Bumrah #MIvsRCB","#IPL,#IPL2025,#Rohit,#Bumrah,#MIvsRCB"
rohit sharma,"#Rohit Sharma (MI):

Top scorer for MI vs RCB with 791 runs

#Virat Kohli (RCB):

Top scorer vs MI with 855 runs in 32 innings.

Includes 5 half-centuries; highest score: *92 (not out)**.

#MIvsRCB
#RohitSharma
#JaspritBumrah
#ViratKohli
#IPL2025
#RCBvsMI","#Rohit,#Virat,#MIvsRCB,#RohitSharma,#JaspritBumrah,#ViratKohli,#IPL2025,#RCBvsMI"
rohit sharma,"MI vs RCB Head-to-Head (IPL)

Total Matches: 33

#MI Wins: 19
#RCB Wins: 14

At #Wankhede Stadium (Mumbai):

Total Matches: 11

MI Wins: 8
RCB Wins: 3

Most Runs (RCB): #ViratKohli #Kohli â€“ 855

Most Runs (MI): #Rohit Sharma â€“ 612","#MI,#RCB,#Wankhede,#ViratKohli,#Kohli,#Rohit"
rohit sharma,"It's time for Choker Virat Kohli to leave India & GayCB 
@IconickohIi 

#Chinnaswamy #ViratKohli #Rohit #Sharma #Virat #Kohli #Chokli #CSK #Dhoni #Bengaluru #Tamil #RCBfans #ChennaiSuperKings #Chennai #JustAsking #MIvsRCB #RCB #MumbaiIndians #IPL2025 #RoyalChallangersBengaluru","#Chinnaswamy,#ViratKohli,#Rohit,#Sharma,#Virat,#Kohli,#Chokli,#CSK,#Dhoni,#Bengaluru,#Tamil,#RCBfans,#ChennaiSuperKings,#Chennai,#JustAsking,#MIvsRCB,#RCB,#MumbaiIndians,#IPL2025,#RoyalChallangersBengaluru"
rohit sharma,"Virat Kohli achievement in RCB as a Captain & as a player @SassyyQueenn 

#Chinnaswamy #ViratKohli #Rohit #Sharma #Virat #Kohli #Chokli #CSK #Dhoni #Bengaluru #Tamil #RCBfans #ChennaiSuperKings #Chennai #JustAsking #MIvsRCB #RCB #MumbaiIndians #IPL2025 #RoyalChallangersBengaluru","#Chinnaswamy,#ViratKohli,#Rohit,#Sharma,#Virat,#Kohli,#Chokli,#CSK,#Dhoni,#Bengaluru,#Tamil,#RCBfans,#ChennaiSuperKings,#Chennai,#JustAsking,#MIvsRCB,#RCB,#MumbaiIndians,#IPL2025,#RoyalChallangersBengaluru"
rohit sharma,"Virat Kohli for India & RCB @BluntIndianGal 

#IndiaCricket #ViratKohli #Rohit #Sharma #MSDhoni #Virat #Kohli #Chokli #CSK #Dhoni #Bengaluru #ChennaiSuperKings #Chennai #JustAsking #RCB #MI #MIvsRCB #EeSalaCupNamde #IPL2025 #MumbaiIndians #Chinnaswamy  #RoyalChallangersBengaluru","#IndiaCricket,#ViratKohli,#Rohit,#Sharma,#MSDhoni,#Virat,#Kohli,#Chokli,#CSK,#Dhoni,#Bengaluru,#ChennaiSuperKings,#Chennai,#JustAsking,#RCB,#MI,#MIvsRCB,#EeSalaCupNamde,#IPL2025,#MumbaiIndians,#Chinnaswamy,#RoyalChallangersBengaluru"
rohit sharma,"Virat Kohli the Peedai and the Red Light Challengers Bengaluru @devpromoth 

#ViratKohli #Rohit #Sharma #MSDhoni #Virat #Kohli #Chokli #CSK #Dhoni #Bengaluru #ChennaiSuperKings #Chennai #JustAsking #RCB  #EeSalaCupNamde #MumbaiIndians #Chinnaswamy  #RoyalChallangersBengaluru","#ViratKohli,#Rohit,#Sharma,#MSDhoni,#Virat,#Kohli,#Chokli,#CSK,#Dhoni,#Bengaluru,#ChennaiSuperKings,#Chennai,#JustAsking,#RCB,#EeSalaCupNamde,#MumbaiIndians,#Chinnaswamy,#RoyalChallangersBengaluru"
rohit sharma,"ğŸš¨ğŸ‰ GIVEAWAY! 
Predict total no. of 4s & 6s in match between MI v RCB? For Eg.- 30 (4s), 12 (6s) & WIN â‚¹351 each!  

ğŸš€ Step: Must Like, Retweet & Follow Instagramâ€” ritiksharma45/ig

#MIvsRCB #RCBvMI #Virat #IPL2025 #IPLGiveaway #IPL18 #Rohit #Hardik #RajatPatidar","#MIvsRCB,#RCBvMI,#Virat,#IPL2025,#IPLGiveaway,#IPL18,#Rohit,#Hardik,#RajatPatidar"
rohit sharma,"Today's match MI vs RCB ğŸ”¥ğŸ”¥ğŸ”¥.
Waiting for Rohit Sharma who is Hitman. Virat Kohli the king of cricket. We are missing those two great persons captains ğŸ˜ğŸ˜ğŸ˜.
#mi #MumbaiIndians #RCB #Kohli #ViratKohli #kingkohli #hitman #IPL #IPLUpdate #rohit #RohitSharma #indiancricket","#mi,#MumbaiIndians,#RCB,#Kohli,#ViratKohli,#kingkohli,#hitman,#IPL,#IPLUpdate,#rohit,#RohitSharma,#indiancricket"
rohit sharma,"Greatest Capitan ever. Indian deserves a great person as Cricket captain.
#bcci #RohitSharma #RohitSharmağ“ƒµ #rohit #Cricket","#bcci,#RohitSharma,#RohitSharmağ“ƒµ,#rohit,#Cricket"
rohit sharma,We #Rohit Sharma fans demand an open apology tweet from @RahulGandhi and @INCIndia. Insulting our captain comes with consequences better fix your mistake before itâ€™s too late,#Rohit
rohit sharma,"@BCCI @IPL 
Start of  #IPL, players like @sachin_rt @SGanguly99, @YUVSTRONG12, #RahulDravid were Icon players

Clubs shd be asked to treat A Grade players as Icon players and not let them face the situation like @ImRo45. Is an insult to #India

Btw, not a fan of #Rohit Captaincy","#IPL,#RahulDravid,#India,#Rohit"
rohit sharma,"WHY ROHIT SHARMA NOT PLAY LSG MATCH | LSG VS MI | IPL2025  | MTCH HIGHLIGHT #ipl2025 #rohitsharma #ROHIT #IPL2025 #LSGvsMI 

piped.video/HCOMWbiEW6s","#ipl2025,#rohitsharma,#ROHIT,#IPL2025,#LSGvsMI"
rohit sharma,"piped.video/HCOMWbiEW6s

WHY ROHIT SHARMA NOT PLAY LSG MATCH | LSG VS MI | IPL2025  | MTCH HIGHLIGHT #ipl2025 #RohitSharma #ROHIT #IPL #LSGvsMI #LSG #MI","#ipl2025,#RohitSharma,#ROHIT,#IPL,#LSGvsMI,#LSG,#MI"
rohit sharma,"TNOTSA at AIM Congress 2025! ğŸŒ± Premium organic food with a focus on sustainability and community. Explore the change! ğŸŒ

#Minecraft #Rohit Sharma #ã‚¿ãƒãƒŸãƒ„ãƒ #SOON Ecosystem #Ø¹Ù„ÙŠ Ø§Ù„Ù†Ø¨ÙŠ #Ø§Ù„Ø§Ù‡Ù„ÙŠ #ManojKumar #ABSCBNBall2025 #TAKEITOFF_JASPERMV #Hardik","#Minecraft,#Rohit,#ã‚¿ãƒãƒŸãƒ„ãƒ,#SOON,#Ø¹Ù„ÙŠ,#Ø§Ù„Ø§Ù‡Ù„ÙŠ,#ManojKumar,#ABSCBNBall2025,#TAKEITOFF_JASPERMV,#Hardik"
